run,configure_seconds,build_seconds,executable_bytes,sha256,build_id,changed_compiled_files,changed_asset_files
1,13.372,52.034,4575320,86b4f7cb870b2b74a204b30f82ea802523a5445b17be6a2113845d7dcab291f9,b4c33c4ecbc4a3a7e11c0ce98fefd221d012b56f,0,0
2,12.761,50.313,4575320,86b4f7cb870b2b74a204b30f82ea802523a5445b17be6a2113845d7dcab291f9,b4c33c4ecbc4a3a7e11c0ce98fefd221d012b56f,0,0
3,13.121,54.637,4575320,86b4f7cb870b2b74a204b30f82ea802523a5445b17be6a2113845d7dcab291f9,b4c33c4ecbc4a3a7e11c0ce98fefd221d012b56f,0,0
4,12.687,53.268,4575320,86b4f7cb870b2b74a204b30f82ea802523a5445b17be6a2113845d7dcab291f9,b4c33c4ecbc4a3a7e11c0ce98fefd221d012b56f,0,0
5,12.739,53.375,4575320,86b4f7cb870b2b74a204b30f82ea802523a5445b17be6a2113845d7dcab291f9,b4c33c4ecbc4a3a7e11c0ce98fefd221d012b56f,0,0
6,12.588,53.244,4575320,86b4f7cb870b2b74a204b30f82ea802523a5445b17be6a2113845d7dcab291f9,b4c33c4ecbc4a3a7e11c0ce98fefd221d012b56f,0,0
7,13.628,56.139,4575320,86b4f7cb870b2b74a204b30f82ea802523a5445b17be6a2113845d7dcab291f9,b4c33c4ecbc4a3a7e11c0ce98fefd221d012b56f,0,0
8,12.620,53.429,4575320,86b4f7cb870b2b74a204b30f82ea802523a5445b17be6a2113845d7dcab291f9,b4c33c4ecbc4a3a7e11c0ce98fefd221d012b56f,0,0
9,13.260,50.883,4575320,86b4f7cb870b2b74a204b30f82ea802523a5445b17be6a2113845d7dcab291f9,b4c33c4ecbc4a3a7e11c0ce98fefd221d012b56f,0,0
10,14.099,57.107,4575320,86b4f7cb870b2b74a204b30f82ea802523a5445b17be6a2113845d7dcab291f9,b4c33c4ecbc4a3a7e11c0ce98fefd221d012b56f,0,0
